2025.01.01	00:00	100.000	100.500	99.600	100.100	0	0
2025.01.01	01:00	100.100	100.600	99.700	100.200	0	0
2025.01.01	02:00	100.200	100.700	99.800	100.300	0	0
2025.01.01	03:00	100.300	100.800	99.900	100.400	0	0
2025.01.01	04:00	100.400	100.900	100.000	100.500	0	0
2025.01.01	05:00	100.500	101.000	100.100	100.600	0	0
2025.01.01	06:00	100.600	101.100	100.200	100.700	0	0
2025.01.01	07:00	100.700	101.200	100.300	100.800	0	0
2025.01.01	08:00	100.800	101.300	100.400	100.900	0	0
2025.01.01	09:00	100.900	101.400	100.500	101.000	0	0
2025.01.01	10:00	101.000	101.500	100.600	101.100	0	0
2025.01.01	11:00	101.100	101.600	100.700	101.200	0	0
2025.01.01	12:00	101.200	101.700	100.800	101.300	0	0
2025.01.01	13:00	101.300	101.800	100.900	101.400	0	0
2025.01.01	14:00	101.400	101.900	101.000	101.500	0	0
2025.01.01	15:00	101.500	102.000	101.100	101.600	0	0
2025.01.01	16:00	101.600	102.100	101.200	101.700	0	0
2025.01.01	17:00	101.700	102.200	101.300	101.800	0	0
2025.01.01	18:00	101.800	102.300	101.400	101.900	0	0
2025.01.01	19:00	101.900	102.400	101.500	102.000	0	0
2025.01.01	20:00	102.000	102.500	101.600	102.100	0	0
2025.01.01	21:00	102.100	102.600	101.700	102.200	0	0
2025.01.01	22:00	102.200	102.700	101.800	102.300	0	0
2025.01.01	23:00	102.300	102.800	101.900	102.400	0	0
2025.01.02	00:00	102.400	102.900	102.000	102.500	0	0
2025.01.02	01:00	102.500	103.000	102.100	102.600	0	0
2025.01.02	02:00	102.600	103.100	102.200	102.700	0	0
2025.01.02	03:00	102.700	103.200	102.300	102.800	0	0
2025.01.02	04:00	102.800	103.300	102.400	102.900	0	0
2025.01.02	05:00	102.900	103.400	102.500	103.000	0	0
2025.01.02	06:00	103.000	103.500	102.600	103.100	0	0
2025.01.02	07:00	103.100	103.600	102.700	103.200	0	0
2025.01.02	08:00	103.200	103.700	102.800	103.300	0	0
2025.01.02	09:00	103.300	103.800	102.900	103.400	0	0
2025.01.02	10:00	103.400	103.900	103.000	103.500	0	0
2025.01.02	11:00	103.500	104.000	103.100	103.600	0	0
2025.01.02	12:00	103.600	104.100	103.200	103.700	0	0
2025.01.02	13:00	103.700	104.200	103.300	103.800	0	0
2025.01.02	14:00	103.800	104.300	103.400	103.900	0	0
2025.01.02	15:00	103.900	104.400	103.500	104.000	0	0
2025.01.02	16:00	104.000	104.500	103.600	104.100	0	0
2025.01.02	17:00	104.100	104.600	103.700	104.200	0	0
2025.01.02	18:00	104.200	104.700	103.800	104.300	0	0
2025.01.02	19:00	104.300	104.800	103.900	104.400	0	0
2025.01.02	20:00	104.400	104.900	104.000	104.500	0	0
2025.01.02	21:00	104.500	105.000	104.100	104.600	0	0
2025.01.02	22:00	104.600	105.100	104.200	104.700	0	0
2025.01.02	23:00	104.700	105.200	104.300	104.800	0	0
2025.01.03	00:00	104.800	105.300	104.400	104.900	0	0
2025.01.03	01:00	104.900	105.400	104.500	105.000	0	0
2025.01.03	02:00	105.000	105.500	104.600	105.100	0	0
2025.01.03	03:00	105.100	105.600	104.700	105.200	0	0
2025.01.03	04:00	105.200	105.700	104.800	105.300	0	0
2025.01.03	05:00	105.300	105.800	104.900	105.400	0	0
2025.01.03	06:00	105.400	105.900	105.000	105.500	0	0
2025.01.03	07:00	105.500	106.000	105.100	105.600	0	0
2025.01.03	08:00	105.600	106.100	105.200	105.700	0	0
2025.01.03	09:00	105.700	106.200	105.300	105.800	0	0
2025.01.03	10:00	105.800	106.300	105.400	105.900	0	0
2025.01.03	11:00	105.900	106.400	105.500	106.000	0	0
2025.01.03	12:00	106.000	106.500	105.600	106.100	0	0
2025.01.03	13:00	106.100	106.600	105.700	106.200	0	0
2025.01.03	14:00	106.200	106.700	105.800	106.300	0	0
2025.01.03	15:00	106.300	106.800	105.900	106.400	0	0
2025.01.03	16:00	106.400	106.900	106.000	106.500	0	0
2025.01.03	17:00	106.500	107.000	106.100	106.600	0	0
2025.01.03	18:00	106.600	107.100	106.200	106.700	0	0
2025.01.03	19:00	106.700	107.200	106.300	106.800	0	0
2025.01.03	20:00	106.800	107.300	106.400	106.900	0	0
2025.01.03	21:00	106.900	107.400	106.500	107.000	0	0
2025.01.03	22:00	107.000	107.500	106.600	107.100	0	0
2025.01.03	23:00	107.100	107.600	106.700	107.200	0	0
2025.01.04	00:00	107.200	107.700	106.800	107.300	0	0
2025.01.04	01:00	107.300	107.800	106.900	107.400	0	0
2025.01.04	02:00	107.400	107.900	107.000	107.500	0	0
2025.01.04	03:00	107.500	108.000	107.100	107.600	0	0
2025.01.04	04:00	107.600	108.100	107.200	107.700	0	0
2025.01.04	05:00	107.700	108.200	107.300	107.800	0	0
2025.01.04	06:00	107.800	108.300	107.400	107.900	0	0
2025.01.04	07:00	107.900	108.400	107.500	108.000	0	0
2025.01.04	08:00	108.000	108.500	107.600	108.100	0	0
2025.01.04	09:00	108.100	108.600	107.700	108.200	0	0
2025.01.04	10:00	108.200	108.700	107.800	108.300	0	0
2025.01.04	11:00	108.300	108.800	107.900	108.400	0	0
2025.01.04	12:00	108.400	108.900	108.000	108.500	0	0
2025.01.04	13:00	108.500	109.000	108.100	108.600	0	0
2025.01.04	14:00	108.600	109.100	108.200	108.700	0	0
2025.01.04	15:00	108.700	109.200	108.300	108.800	0	0
2025.01.04	16:00	108.800	109.300	108.400	108.900	0	0
2025.01.04	17:00	108.900	109.400	108.500	109.000	0	0
2025.01.04	18:00	109.000	109.500	108.600	109.100	0	0
2025.01.04	19:00	109.100	109.600	108.700	109.200	0	0
2025.01.04	20:00	109.200	109.700	108.800	109.300	0	0
2025.01.04	21:00	109.300	109.800	108.900	109.400	0	0
2025.01.04	22:00	109.400	109.900	109.000	109.500	0	0
2025.01.04	23:00	109.500	110.000	109.100	109.600	0	0
2025.01.05	00:00	109.600	110.100	109.200	109.700	0	0
2025.01.05	01:00	109.700	110.200	109.300	109.800	0	0
2025.01.05	02:00	109.800	110.300	109.400	109.900	0	0
2025.01.05	03:00	109.900	110.400	109.500	110.000	0	0
2025.01.05	04:00	110.000	110.500	109.600	110.100	0	0
2025.01.05	05:00	110.100	110.600	109.700	110.200	0	0
2025.01.05	06:00	110.200	110.700	109.800	110.300	0	0
2025.01.05	07:00	110.300	110.800	109.900	110.400	0	0
2025.01.05	08:00	110.400	110.900	110.000	110.500	0	0
2025.01.05	09:00	110.500	111.000	110.100	110.600	0	0
2025.01.05	10:00	110.600	111.100	110.200	110.700	0	0
2025.01.05	11:00	110.700	111.200	110.300	110.800	0	0
2025.01.05	12:00	110.800	111.300	110.400	110.900	0	0
2025.01.05	13:00	110.900	111.400	110.500	111.000	0	0
2025.01.05	14:00	111.000	111.500	110.600	111.100	0	0
2025.01.05	15:00	111.100	111.600	110.700	111.200	0	0
2025.01.05	16:00	111.200	111.700	110.800	111.300	0	0
2025.01.05	17:00	111.300	111.800	110.900	111.400	0	0
2025.01.05	18:00	111.400	111.900	111.000	111.500	0	0
2025.01.05	19:00	111.500	112.000	111.100	111.600	0	0
2025.01.05	20:00	111.600	112.100	111.200	111.700	0	0
2025.01.05	21:00	111.700	112.200	111.300	111.800	0	0
2025.01.05	22:00	111.800	112.300	111.400	111.900	0	0
2025.01.05	23:00	111.900	112.400	111.500	112.000	0	0
2025.01.06	00:00	112.000	112.500	111.600	112.100	0	0
2025.01.06	01:00	112.100	112.600	111.700	112.200	0	0
2025.01.06	02:00	112.200	112.700	111.800	112.300	0	0
2025.01.06	03:00	112.300	112.800	111.900	112.400	0	0
2025.01.06	04:00	112.400	112.900	112.000	112.500	0	0
2025.01.06	05:00	112.500	113.000	112.100	112.600	0	0
2025.01.06	06:00	112.600	113.100	112.200	112.700	0	0
2025.01.06	07:00	112.700	113.200	112.300	112.800	0	0
2025.01.06	08:00	112.800	113.300	112.400	112.900	0	0
2025.01.06	09:00	112.900	113.400	112.500	113.000	0	0
2025.01.06	10:00	113.000	113.500	112.600	113.100	0	0
2025.01.06	11:00	113.100	113.600	112.700	113.200	0	0
2025.01.06	12:00	113.200	113.700	112.800	113.300	0	0
2025.01.06	13:00	113.300	113.800	112.900	113.400	0	0
2025.01.06	14:00	113.400	113.900	113.000	113.500	0	0
2025.01.06	15:00	113.500	114.000	113.100	113.600	0	0
2025.01.06	16:00	113.600	114.100	113.200	113.700	0	0
2025.01.06	17:00	113.700	114.200	113.300	113.800	0	0
2025.01.06	18:00	113.800	114.300	113.400	113.900	0	0
2025.01.06	19:00	113.900	114.400	113.500	114.000	0	0
2025.01.06	20:00	114.000	114.500	113.600	114.100	0	0
2025.01.06	21:00	114.100	114.600	113.700	114.200	0	0
2025.01.06	22:00	114.200	114.700	113.800	114.300	0	0
2025.01.06	23:00	114.300	114.800	113.900	114.400	0	0
2025.01.07	00:00	114.400	114.900	114.000	114.500	0	0
2025.01.07	01:00	114.500	115.000	114.100	114.600	0	0
2025.01.07	02:00	114.600	115.100	114.200	114.700	0	0
2025.01.07	03:00	114.700	115.200	114.300	114.800	0	0
2025.01.07	04:00	114.800	115.300	114.400	114.900	0	0
2025.01.07	05:00	114.900	115.400	114.500	115.000	0	0
2025.01.07	06:00	115.000	115.500	114.600	115.100	0	0
2025.01.07	07:00	115.100	115.600	114.700	115.200	0	0
2025.01.07	08:00	115.200	115.700	114.800	115.300	0	0
2025.01.07	09:00	115.300	115.800	114.900	115.400	0	0
2025.01.07	10:00	115.400	115.900	115.000	115.500	0	0
2025.01.07	11:00	115.500	116.000	115.100	115.600	0	0
2025.01.07	12:00	115.600	116.100	115.200	115.700	0	0
2025.01.07	13:00	115.700	116.200	115.300	115.800	0	0
2025.01.07	14:00	115.800	116.300	115.400	115.900	0	0
2025.01.07	15:00	115.900	116.400	115.500	116.000	0	0
2025.01.07	16:00	116.000	116.500	115.600	116.100	0	0
2025.01.07	17:00	116.100	116.600	115.700	116.200	0	0
2025.01.07	18:00	116.200	116.700	115.800	116.300	0	0
2025.01.07	19:00	116.300	116.800	115.900	116.400	0	0
2025.01.07	20:00	116.400	116.900	116.000	116.500	0	0
2025.01.07	21:00	116.500	117.000	116.100	116.600	0	0
2025.01.07	22:00	116.600	117.100	116.200	116.700	0	0
2025.01.07	23:00	116.700	117.200	116.300	116.800	0	0
2025.01.08	00:00	116.800	117.300	116.400	116.900	0	0
2025.01.08	01:00	116.900	117.400	116.500	117.000	0	0
2025.01.08	02:00	117.000	117.500	116.600	117.100	0	0
2025.01.08	03:00	117.100	117.600	116.700	117.200	0	0
2025.01.08	04:00	117.200	117.700	116.800	117.300	0	0
2025.01.08	05:00	117.300	117.800	116.900	117.400	0	0
2025.01.08	06:00	117.400	117.900	117.000	117.500	0	0
2025.01.08	07:00	117.500	118.000	117.100	117.600	0	0
2025.01.08	08:00	117.600	118.100	117.200	117.700	0	0
2025.01.08	09:00	117.700	118.200	117.300	117.800	0	0
2025.01.08	10:00	117.800	118.300	117.400	117.900	0	0
2025.01.08	11:00	117.900	118.400	117.500	118.000	0	0
2025.01.08	12:00	118.000	118.500	117.600	118.100	0	0
2025.01.08	13:00	118.100	118.600	117.700	118.200	0	0
2025.01.08	14:00	118.200	118.700	117.800	118.300	0	0
2025.01.08	15:00	118.300	118.800	117.900	118.400	0	0
2025.01.08	16:00	118.400	118.900	118.000	118.500	0	0
2025.01.08	17:00	118.500	119.000	118.100	118.600	0	0
2025.01.08	18:00	118.600	119.100	118.200	118.700	0	0
2025.01.08	19:00	118.700	119.200	118.300	118.800	0	0
2025.01.08	20:00	118.800	119.300	118.400	118.900	0	0
2025.01.08	21:00	118.900	119.400	118.500	119.000	0	0
2025.01.08	22:00	119.000	119.500	118.600	119.100	0	0
2025.01.08	23:00	119.100	119.600	118.700	119.200	0	0
2025.01.09	00:00	119.200	119.700	118.800	119.300	0	0
2025.01.09	01:00	119.300	119.800	118.900	119.400	0	0
2025.01.09	02:00	119.400	119.900	119.000	119.500	0	0
2025.01.09	03:00	119.500	120.000	119.100	119.600	0	0
2025.01.09	04:00	119.600	120.100	119.200	119.700	0	0
2025.01.09	05:00	119.700	120.200	119.300	119.800	0	0
2025.01.09	06:00	119.800	120.300	119.400	119.900	0	0
2025.01.09	07:00	119.900	120.400	119.500	120.000	0	0
2025.01.09	08:00	120.000	120.500	119.600	120.100	0	0
2025.01.09	09:00	120.100	120.600	119.700	120.200	0	0
2025.01.09	10:00	120.200	120.700	119.800	120.300	0	0
2025.01.09	11:00	120.300	120.800	119.900	120.400	0	0
2025.01.09	12:00	120.400	120.900	120.000	120.500	0	0
2025.01.09	13:00	120.500	121.000	120.100	120.600	0	0
2025.01.09	14:00	120.600	121.100	120.200	120.700	0	0
2025.01.09	15:00	120.700	121.200	120.300	120.800	0	0
2025.01.09	16:00	120.800	121.300	120.400	120.900	0	0
2025.01.09	17:00	120.900	121.400	120.500	121.000	0	0
2025.01.09	18:00	121.000	121.500	120.600	121.100	0	0
2025.01.09	19:00	121.100	121.600	120.700	121.200	0	0
2025.01.09	20:00	121.200	121.700	120.800	121.300	0	0
2025.01.09	21:00	121.300	121.800	120.900	121.400	0	0
2025.01.09	22:00	121.400	121.900	121.000	121.500	0	0
2025.01.09	23:00	121.500	122.000	121.100	121.600	0	0
2025.01.10	00:00	121.600	122.100	121.200	121.700	0	0
2025.01.10	01:00	121.700	122.200	121.300	121.800	0	0
2025.01.10	02:00	121.800	122.300	121.400	121.900	0	0
2025.01.10	03:00	121.900	122.400	121.500	122.000	0	0
2025.01.10	04:00	122.000	122.500	121.600	122.100	0	0
2025.01.10	05:00	122.100	122.600	121.700	122.200	0	0
2025.01.10	06:00	122.200	122.700	121.800	122.300	0	0
2025.01.10	07:00	122.300	122.800	121.900	122.400	0	0
2025.01.10	08:00	122.400	122.900	122.000	122.500	0	0
2025.01.10	09:00	122.500	123.000	122.100	122.600	0	0
2025.01.10	10:00	122.600	123.100	122.200	122.700	0	0
2025.01.10	11:00	122.700	123.200	122.300	122.800	0	0
2025.01.10	12:00	122.800	123.300	122.400	122.900	0	0
2025.01.10	13:00	122.900	123.400	122.500	123.000	0	0
2025.01.10	14:00	123.000	123.500	122.600	123.100	0	0
2025.01.10	15:00	123.100	123.600	122.700	123.200	0	0
2025.01.10	16:00	123.200	123.700	122.800	123.300	0	0
2025.01.10	17:00	123.300	123.800	122.900	123.400	0	0
2025.01.10	18:00	123.400	123.900	123.000	123.500	0	0
2025.01.10	19:00	123.500	124.000	123.100	123.600	0	0
2025.01.10	20:00	123.600	124.100	123.200	123.700	0	0
2025.01.10	21:00	123.700	124.200	123.300	123.800	0	0
2025.01.10	22:00	123.800	124.300	123.400	123.900	0	0
2025.01.10	23:00	123.900	124.400	123.500	124.000	0	0
2025.01.11	00:00	124.000	124.500	123.600	124.100	0	0
2025.01.11	01:00	124.100	124.600	123.700	124.200	0	0
2025.01.11	02:00	124.200	124.700	123.800	124.300	0	0
2025.01.11	03:00	124.300	124.800	123.900	124.400	0	0
2025.01.11	04:00	124.400	124.900	124.000	124.500	0	0
2025.01.11	05:00	124.500	125.000	124.100	124.600	0	0
2025.01.11	06:00	124.600	125.100	124.200	124.700	0	0
2025.01.11	07:00	124.700	125.200	124.300	124.800	0	0
2025.01.11	08:00	124.800	125.300	124.400	124.900	0	0
2025.01.11	09:00	124.900	125.400	124.500	125.000	0	0
2025.01.11	10:00	125.000	125.500	124.600	125.100	0	0
2025.01.11	11:00	125.100	125.600	124.700	125.200	0	0
2025.01.11	12:00	125.200	125.700	124.800	125.300	0	0
2025.01.11	13:00	125.300	125.800	124.900	125.400	0	0
2025.01.11	14:00	125.400	125.900	125.000	125.500	0	0
2025.01.11	15:00	125.500	126.000	125.100	125.600	0	0
2025.01.11	16:00	125.600	126.100	125.200	125.700	0	0
2025.01.11	17:00	125.700	126.200	125.300	125.800	0	0
2025.01.11	18:00	125.800	126.300	125.400	125.900	0	0
2025.01.11	19:00	125.900	126.400	125.500	126.000	0	0
2025.01.11	20:00	126.000	126.500	125.600	126.100	0	0
2025.01.11	21:00	126.100	126.600	125.700	126.200	0	0
2025.01.11	22:00	126.200	126.700	125.800	126.300	0	0
2025.01.11	23:00	126.300	126.800	125.900	126.400	0	0
2025.01.12	00:00	126.400	126.900	126.000	126.500	0	0
2025.01.12	01:00	126.500	127.000	126.100	126.600	0	0
2025.01.12	02:00	126.600	127.100	126.200	126.700	0	0
2025.01.12	03:00	126.700	127.200	126.300	126.800	0	0
2025.01.12	04:00	126.800	127.300	126.400	126.900	0	0
2025.01.12	05:00	126.900	127.400	126.500	127.000	0	0
2025.01.12	06:00	127.000	127.500	126.600	127.100	0	0
2025.01.12	07:00	127.100	127.600	126.700	127.200	0	0
2025.01.12	08:00	127.200	127.700	126.800	127.300	0	0
2025.01.12	09:00	127.300	127.800	126.900	127.400	0	0
2025.01.12	10:00	127.400	127.900	127.000	127.500	0	0
2025.01.12	11:00	127.500	128.000	127.100	127.600	0	0
2025.01.12	12:00	127.600	128.100	127.200	127.700	0	0
2025.01.12	13:00	127.700	128.200	127.300	127.800	0	0
2025.01.12	14:00	127.800	128.300	127.400	127.900	0	0
2025.01.12	15:00	127.900	128.400	127.500	128.000	0	0
2025.01.12	16:00	128.000	128.500	127.600	128.100	0	0
2025.01.12	17:00	128.100	128.600	127.700	128.200	0	0
2025.01.12	18:00	128.200	128.700	127.800	128.300	0	0
2025.01.12	19:00	128.300	128.800	127.900	128.400	0	0
2025.01.12	20:00	128.400	128.900	128.000	128.500	0	0
2025.01.12	21:00	128.500	129.000	128.100	128.600	0	0
2025.01.12	22:00	128.600	129.100	128.200	128.700	0	0
2025.01.12	23:00	128.700	129.200	128.300	128.800	0	0
2025.01.13	00:00	128.800	129.300	128.400	128.900	0	0
2025.01.13	01:00	128.900	129.400	128.500	129.000	0	0
2025.01.13	02:00	129.000	129.500	128.600	129.100	0	0
2025.01.13	03:00	129.100	129.600	128.700	129.200	0	0
2025.01.13	04:00	129.200	129.700	128.800	129.300	0	0
2025.01.13	05:00	129.300	129.800	128.900	129.400	0	0
2025.01.13	06:00	129.400	129.900	129.000	129.500	0	0
2025.01.13	07:00	129.500	130.000	129.100	129.600	0	0
2025.01.13	08:00	129.600	130.100	129.200	129.700	0	0
2025.01.13	09:00	129.700	130.200	129.300	129.800	0	0
2025.01.13	10:00	129.800	130.300	129.400	129.900	0	0
2025.01.13	11:00	129.900	130.400	129.500	130.000	0	0
2025.01.13	12:00	130.000	130.500	129.600	130.100	0	0
2025.01.13	13:00	130.100	130.600	129.700	130.200	0	0
2025.01.13	14:00	130.200	130.700	129.800	130.300	0	0
2025.01.13	15:00	130.300	130.800	129.900	130.400	0	0
2025.01.13	16:00	130.400	130.900	130.000	130.500	0	0
2025.01.13	17:00	130.500	131.000	130.100	130.600	0	0
2025.01.13	18:00	130.600	131.100	130.200	130.700	0	0
2025.01.13	19:00	130.700	131.200	130.300	130.800	0	0
2025.01.13	20:00	130.800	131.300	130.400	130.900	0	0
2025.01.13	21:00	130.900	131.400	130.500	131.000	0	0
2025.01.13	22:00	131.000	131.500	130.600	131.100	0	0
2025.01.13	23:00	131.100	131.600	130.700	131.200	0	0
2025.01.14	00:00	131.200	131.700	130.800	131.300	0	0
2025.01.14	01:00	131.300	131.800	130.900	131.400	0	0
2025.01.14	02:00	131.400	131.900	131.000	131.500	0	0
2025.01.14	03:00	131.500	132.000	131.100	131.600	0	0
2025.01.14	04:00	131.600	132.100	131.200	131.700	0	0
2025.01.14	05:00	131.700	132.200	131.300	131.800	0	0
2025.01.14	06:00	131.800	132.300	131.400	131.900	0	0
2025.01.14	07:00	131.900	132.400	131.500	132.000	0	0
2025.01.14	08:00	132.000	132.500	131.600	132.100	0	0
2025.01.14	09:00	132.100	132.600	131.700	132.200	0	0
2025.01.14	10:00	132.200	132.700	131.800	132.300	0	0
2025.01.14	11:00	132.300	132.800	131.900	132.400	0	0
2025.01.14	12:00	132.400	132.900	132.000	132.500	0	0
2025.01.14	13:00	132.500	133.000	132.100	132.600	0	0
2025.01.14	14:00	132.600	133.100	132.200	132.700	0	0
2025.01.14	15:00	132.700	133.200	132.300	132.800	0	0
2025.01.14	16:00	132.800	133.300	132.400	132.900	0	0
2025.01.14	17:00	132.900	133.400	132.500	133.000	0	0
2025.01.14	18:00	133.000	133.500	132.600	133.100	0	0
2025.01.14	19:00	133.100	133.600	132.700	133.200	0	0
2025.01.14	20:00	133.200	133.700	132.800	133.300	0	0
2025.01.14	21:00	133.300	133.800	132.900	133.400	0	0
2025.01.14	22:00	133.400	133.900	133.000	133.500	0	0
2025.01.14	23:00	133.500	134.000	133.100	133.600	0	0
2025.01.15	00:00	133.600	134.100	133.200	133.700	0	0
2025.01.15	01:00	133.700	134.200	133.300	133.800	0	0
2025.01.15	02:00	133.800	134.300	133.400	133.900	0	0
2025.01.15	03:00	133.900	134.400	133.500	134.000	0	0
2025.01.15	04:00	134.000	134.500	133.600	134.100	0	0
2025.01.15	05:00	134.100	134.600	133.700	134.200	0	0
2025.01.15	06:00	134.200	134.700	133.800	134.300	0	0
2025.01.15	07:00	134.300	134.800	133.900	134.400	0	0
2025.01.15	08:00	134.400	134.900	134.000	134.500	0	0
2025.01.15	09:00	134.500	135.000	134.100	134.600	0	0
2025.01.15	10:00	134.600	135.100	134.200	134.700	0	0
2025.01.15	11:00	134.700	135.200	134.300	134.800	0	0
2025.01.15	12:00	134.800	135.300	134.400	134.900	0	0
2025.01.15	13:00	134.900	135.400	134.500	135.000	0	0
2025.01.15	14:00	135.000	135.500	134.600	135.100	0	0
2025.01.15	15:00	135.100	135.600	134.700	135.200	0	0
2025.01.15	16:00	135.200	135.700	134.800	135.300	0	0
2025.01.15	17:00	135.300	135.800	134.900	135.400	0	0
2025.01.15	18:00	135.400	135.900	135.000	135.500	0	0
2025.01.15	19:00	135.500	136.000	135.100	135.600	0	0
2025.01.15	20:00	135.600	136.100	135.200	135.700	0	0
2025.01.15	21:00	135.700	136.200	135.300	135.800	0	0
2025.01.15	22:00	135.800	136.300	135.400	135.900	0	0
2025.01.15	23:00	135.900	136.400	135.500	136.000	0	0
2025.01.16	00:00	136.000	136.500	135.600	136.100	0	0
2025.01.16	01:00	136.100	136.600	135.700	136.200	0	0
2025.01.16	02:00	136.200	136.700	135.800	136.300	0	0
2025.01.16	03:00	136.300	136.800	135.900	136.400	0	0
2025.01.16	04:00	136.400	136.900	136.000	136.500	0	0
2025.01.16	05:00	136.500	137.000	136.100	136.600	0	0
2025.01.16	06:00	136.600	137.100	136.200	136.700	0	0
2025.01.16	07:00	136.700	137.200	136.300	136.800	0	0
2025.01.16	08:00	136.800	137.300	136.400	136.900	0	0
2025.01.16	09:00	136.900	137.400	136.500	137.000	0	0
2025.01.16	10:00	137.000	137.500	136.600	137.100	0	0
2025.01.16	11:00	137.100	137.600	136.700	137.200	0	0
2025.01.16	12:00	137.200	137.700	136.800	137.300	0	0
2025.01.16	13:00	137.300	137.800	136.900	137.400	0	0
2025.01.16	14:00	137.400	137.900	137.000	137.500	0	0
2025.01.16	15:00	137.500	138.000	137.100	137.600	0	0
2025.01.16	16:00	137.600	138.100	137.200	137.700	0	0
2025.01.16	17:00	137.700	138.200	137.300	137.800	0	0
2025.01.16	18:00	137.800	138.300	137.400	137.900	0	0
2025.01.16	19:00	137.900	138.400	137.500	138.000	0	0
2025.01.16	20:00	138.000	138.500	137.600	138.100	0	0
2025.01.16	21:00	138.100	138.600	137.700	138.200	0	0
2025.01.16	22:00	138.200	138.700	137.800	138.300	0	0
2025.01.16	23:00	138.300	138.800	137.900	138.400	0	0
2025.01.17	00:00	138.400	138.900	138.000	138.500	0	0
2025.01.17	01:00	138.500	139.000	138.100	138.600	0	0
2025.01.17	02:00	138.600	139.100	138.200	138.700	0	0
2025.01.17	03:00	138.700	139.200	138.300	138.800	0	0
2025.01.17	04:00	138.800	139.300	138.400	138.900	0	0
2025.01.17	05:00	138.900	139.400	138.500	139.000	0	0
2025.01.17	06:00	139.000	139.500	138.600	139.100	0	0
2025.01.17	07:00	139.100	139.600	138.700	139.200	0	0
2025.01.17	08:00	139.200	139.700	138.800	139.300	0	0
2025.01.17	09:00	139.300	139.800	138.900	139.400	0	0
2025.01.17	10:00	139.400	139.900	139.000	139.500	0	0
2025.01.17	11:00	139.500	140.000	139.100	139.600	0	0
2025.01.17	12:00	139.600	140.100	139.200	139.700	0	0
2025.01.17	13:00	139.700	140.200	139.300	139.800	0	0
2025.01.17	14:00	139.800	140.300	139.400	139.900	0	0
2025.01.17	15:00	139.900	140.400	139.500	140.000	0	0